Languages,1SG,cognacy,2SG,cognacy,3SG,cognacy,ant,cognacy,arm/hand,cognacy,ash,cognacy,big,cognacy,bird,cognacy,bite,cognacy,bitter,cognacy,black,cognacy,blood,cognacy,bone,cognacy,breast,cognacy,to burn (it.),cognacy,to carry (on back),cognacy,cloud,cognacy,to cry/weep,cognacy,to die,cognacy,to do/make,cognacy,dog,cognacy,drink,cognacy,dry,cognacy,ear,cognacy,eat,cognacy,egg,cognacy,eye,cognacy,far,cognacy,fat,cognacy,fingernail,cognacy,fire,cognacy,fish,cognacy,flesh/meat,cognacy,to fly,cognacy,full,cognacy,to give,cognacy,to go,cognacy,good,cognacy,hair on head,cognacy,hard,cognacy,head,cognacy,to hear,cognacy,heavy,cognacy,to hide,cognacy,to kill,cognacy,horn,cognacy,house,cognacy,in,cognacy,knee,cognacy,to know,cognacy,to laugh,cognacy,leaf,cognacy,leg/foot,cognacy,liver,cognacy,long,cognacy,louse,cognacy,moon,cognacy,mouth,cognacy,name,cognacy,navel,cognacy,neck,cognacy,new,cognacy,nose,cognacy,not,cognacy,old of things,cognacy,one,cognacy,path,cognacy,rain,cognacy,red,cognacy,root,cognacy,to run,cognacy,salt,cognacy,sand,cognacy,to say,cognacy,to see,cognacy,to sit,cognacy,skin/hide,cognacy,to sleep,cognacy,small,cognacy,smoke,cognacy,stand,cognacy,star,cognacy,stone/rock,cognacy,sun,cognacy,sweet,cognacy,tail,cognacy,to take,cognacy,thick,cognacy,this,cognacy,tongue,cognacy,tooth,cognacy,water,cognacy,what?,cognacy,white,cognacy,who?,cognacy,wind,cognacy,wing,cognacy,woman,cognacy,wood,cognacy,yesterday,cognacy
#Wordlist,45,LS,100,LS,38,L,1,L,2,LS,3,LS,5,LS,6,LS,7,LS,8,L,9,LS,10,LS,12,LS,13,LS,14,LS,15,L,72,S,19,L,18,S,20,L,21,LS,22,LS,89,S,23,LS,24,LS,25,LS,26,LS,28,L,4,S,11,S,29,LS,30,LS,31,LS,32,LS,95,LS,33,LS,34,L,35,LS,36,LS,37,L,87,S,39,LS,40,L,41,L,42,LS,43,LS,44,L,46,L,47,LS,48,LS,49,L,50,LS,51,LS,52,LS,53,LS,54,LS,60,L,55,LS,56,LS,57,L,58,LS,59,LS,61,LS,62,L,63,L,64,L,68,S,65,LS,66,LS,67,LS,69,1,70,L,71,LS,73,LS,74,LS,82,S,75,LS,27,LS,76,LS,77,LS,79,LS,80,LS,81,LS,78,S,83,L,84,LS,85,L,86,L,88,L,90,LS,91,LS,92,LS,93,L,17,S,94,LS,96,L,97,L,16,S,98,L,99,L
Duhumbi,ga,1,naŋ,1,wɔj,1,kʰin-ʨʰɔk,1,hut,1,ʨʰu-pʰak,1,ɔ-dɔk,1,hwa,1,zɛk,1,ʨʰak-ba,1,u-ʨʰam,1,hɔj,1,ɕa-kʰus,1,nu,1,haj,1,bu,1,mukpa,1,kʰip,1,i,1,le,1,wa-tʰi,1,ɲiŋ,1,wa-ar,1,kʰu-tʰuŋ,1,ʨʰa,1,hɔj-ʥɔŋ,1,kʰu-m,3,tʰa-u-ɹiŋ,1,ɔ-jɔw,1,hut-ʦun,1,bɛj,1,ŋa,1,ɕa,1,ɕɛɹ,1,pɕiŋ-ba,1,ɕi,1,wa,1,ɔ-ʥɔp,1,kʰu-ɕaŋ,1,kaktar,1,kʰɔ-lɔk,1,ʥas,1,u-li,1,uk,1,at,1,kʰɛŋ,1,wam,1,naŋ,1,kɔːlɔk-pa,1,dɛn,1,ʑɛj,1,u-lap,1,lɛj,1,ɕa taŋku,1,u-riŋ,1,hɛk,1,nam-ba,1,hɔ-ʨu,1,biŋ,1,bɔː-di,1,hɛn-tʰɔŋ,1,ɔ-kʰɔn,1,hɛm-pʰɔŋ,1,ba-,1,ɔ-mɛn,1,hin,1,huma,1,na-mu,1,ɔ-kʰek,1,ra-ba,1,dur,1,ha,1,beʦa,1,in,1,aj,1,ʥu,1,ɕa-kʰɔk,1,min,2,ka-ti,1,bu-kʰu,1,kʰiŋ,1,kaɹma,1,luŋ,1,na-mi,1,jɔŋ-jɔŋ,1,ɲɔj,1,tʰɔn,1,ɔ-tʰɛs,1,ɔ-ʨʰi,1,lɔj,1,hin-tuŋ,1,kʰow,1,a-be,1,jaŋ-kaɹ,1,mi,1,nam-suŋ,1,pɛmpu,1,ʥu-mu,1,ɕiŋ,1,dɛj-ju,1
Khispi,ga,1,naŋ,1,wuj,1,kʰe-ʨʰɔk,1,hut,1,ʨʰu-pʰa,1,ɔ-dɔk,1,hwa,1,zɛk,1,ʨʰak-ba,1,u-ʨʰam,1,hɔj,1,ɕa-kʰus,1,ɲu,1,haj,1,bu,1,tɔŋ-ti,2,kʰip,1,i,1,li,1,wa-tʰi,1,ɲiŋ,1,ɔ-wal,1,kʰu-tʰuŋ,1,ʨʰa,1,ɔ-gɔŋ,2,kʰu-mɔː,3,tʰa-u-liŋ,1,ɔ-ju,1,hut-ʦin,1,bej,1,ŋa,1,ɕa,1,ɕɛl,1,pɕiŋ-ba,1,ɕi,1,wa,1,nak-pa,2,kʰu-ɕaŋ,1,kaktal,1,kʰɔ-lɔk,1,kʰa la,2,u-li,1,uk,1,at,1,kʰɛŋ,1,wam,1,naŋ,1,kɔːlɔk-pa,1,dɛn,1,ʑej,1,u-lap,1,lej,1,ɕap-ɕin,2,u-liŋ,1,hɛk,1,nam-ba,1,hɔ-ʨɔ,1,biŋ,1,bɔː-di,1,hɛn-tʰɔŋ,1,ɔ-han,1,hɛm-pʰɔŋ,1,ba-,1,ɔ-mɛn,1,hin,1,huma,1,na-mu,1,ɔ-hɛk,1,hiŋŋa lej,2,dul,1,ha,1,beʦa,1,in,1,aj,1,ʥu,1,ɕa-kʰɔk,1,min,2,ɕa-da,10,bu-kʰu,1,kʰiŋ,1,kalma,1,luŋ,1,na-mi,1,ɔ-bej-da,2,ɲuj,1,tʰɔn,1,ɔ-tʰɛs,1,u-ʨʰi,1,luj,1,ɕin-tuŋ,1,kʰaw,1,a-be,1,jaŋ-kal,1,mi,1,nam-suŋ,1,ɲuj-pʰa,2,ʥu-mu,1,hiŋ,1,di-ju,1
Rupa,gu,1,naŋ,1,wa,1,san-ʥɔk,1,ik,2,ʨʰa-pʰluː,1,a-dɔk,1,hu,1,zɛk,1,ʨʰɐk,1,a-ʨʰũː,1,haː,1,s-kik,1,ɲyŋ,2,haː,1,byː,1,s-ty,2,kʰe,1,iː,1,ra,1,bə-tʰaː,1,liŋ,2,ɔ-ɔ̃ː,1,gə-tʰyŋ,1,ʦʰu,1,a-juŋ,3,kʰa-by,1,a-ʨʰɔ̃ː,2,a-jɔː,1,ik-ʦiŋ,1,ba,1,ɲu,1,su,1,ʨʰan,1,pʰiŋ-ba,1,ʨʰi,1,rɔ,2,a-ʥap,1,gə-zaŋ,1,a-ʨu,2,kʰ-ruk,1,jɔ,3,a-liː,1,uk,1,ɔ,1,kʰɛŋ,1,jam,1,a-lyŋ,2,lə-pʰyk,2,dan,1,zaː,1,a-lap,1,la,1,a-ʦʰɛ̃ː,3,a-rɛŋ,1,hɛk,1,nam-blu,1,nə-ʦʰaw,1,a-zɛŋ,1,b-raː,1,tʰuŋ-ʦɛ̃ː,1,a-fan,1,nə-pʰuŋ,1,bə-,1,a-man,1,han,1,ləmu,1,nə-ʦʰuː,2,ə-hɛk,1,ə-hĩː,3,ʨʰaː,2,hũː,2,mə-kʰɔ,2,am,1,ɔː,1,ʥau,1,s-kuk,1,ʥiŋ,1,a-ʨan-du,3,ba-kʰy,1,kʰĩː,1,zyk,2,lýŋ,1,nə-nyː,2,a-ʨĩː,7,a-ɲaː,1,tʰøː,1,a-tʰat,1,tʰwa,2,laː-pʰɔ̃,1,tɔkʨʰeː,2,kʰoː,1,musi aː,2,a-zɔ̃ː,2,ɲiː,1,nə-sɔm,1,nə-pʰaŋ,2,ʥə-my,1,hiŋ,1,di-jau,1
Shergaon,gu,1,naŋ,1,wa,1,san-ʥɔk,1,ik,2,ʨʰa-pʰuː,1,a-dɔk,1,hu,1,zɛk,1,a-ʨʰak,1,a-ʨʰɔ̃ː,1,haː,1,s-kit,1,ɲuŋ,2,haː,1,byː,1,sin-ty,2,kʰe,1,iː,1,ra,1,pʰ-tʰaː,1,iŋ,2,ɔ-ɔ̃ː,1,kʰə-tʰuŋ-lap,1,ʨʰu,1,kʰlɔm,4,kʰi-biː,1,a-ʨʰɔ̃ː,2,a-jɔː,1,ik-ʨiŋ,1,ba,1,ɲu,1,su,1,ʨʰan,1,pʰiŋ-ba,1,kʰji,1,ro,2,a-ʥap,1,gə-zaŋ,1,a-ʨu,2,kʰ-ruk,1,jo,3,a-liː,1,uk,1,o,1,kʰɛŋ,1,jam,1,a-luŋ,2,kʰlɔk-puː,1,dan,1,zaː,1,a-lap,1,la,1,a-ʨʰĩː,3,a-rɛŋ,1,hɛk,1,nam-blu,1,nə-ʨʰaw,1,a-zɛŋ,1,bu-ti-muː,1,takraː,2,u-fan,1,nə-pʰuŋ,1,bə-,1,a-man,1,han,1,ləmu,1,ɲi-mi,1,ə-hɛk,1,ra-bɔː,1,ʨʰaː,2,huŋ,2,beʦɔ,1,am,1,ɔː,1,ʥau,1,s-kuk,1,ʥin,1,a-ʨan-du,3,ba-kʰy,1,kʰĩː,1,ʨʰu-zuk,2,luŋ,1,nə-niː,2,a-ʨĩː,7,a-ɲaː,1,tʰɛː,1,a-tʰɛt,1,tʰa,2,laː,1,nə-tʰuŋ,1,kʰoː,1,mə-raː,2,a-zɔ̃ː,2,ɲiː,1,nə-sɔm,1,lə-pʰaŋ,2,ʥə-mi,1,hiŋ,1,NA,
Rahung,gu,1,naŋ,1,hɛ ~ ʔɛ,1,saŋ-ʥɔk,1,ik,2,ʨʰa-pʰluː,1,a-dɔk,1,hu,1,zɛk,1,ʨʰak,1,a-ʨʰũː,1,hɛː,1,s-kik,1,nyŋ,2,hɛː,1,byː,1,syn-ty,2,ʨʰe,1,iː,1,rɛ ~ ra,1,pʰ-tʰɛː,1,liŋ,2,ɔ-ɔ̃ː,1,kʰ-tʰyŋ,1,ʨʰu,1,a-juŋ,3,kʰa-by,1,a-ʨʰɔ̃ː,2,a-jɔw,1,ik-ʨiŋ,1,bɛ,1,nu,1,su,1,ʨʰɛm,1,a-pʰiŋ,1,ʨʰi,1,rɔ,2,a-ʥap,1,gə-zaŋ,1,a-ʨu,2,kʰ-ruk,1,jɔ̃,3,a-liː,1,uk,1,ɔ,1,ʨʰɛŋ,1,jam,1,a-lyŋ,2,la-pʰik kʰɔm,2,dɛn,1,zɛː,1,a-rap,1,lɛ,1,a-ʨʰĩː,3,a-rɛŋ,1,hɛk,1,nam-bru,1,ʨʰə-ʨʰoː,1,a-ʥɛŋ,1,b-rɛː,1,pʰ-tʰuŋ,1,a-hɛn,1,ma-pʰuŋ,1,bə-,1,a-mɛn,1,hɛn,1,lym,1,pʰ-ʨʰu,2,ə-hɛk,1,i-hĩː,3,ʨɛː,2,hũŋ,2,kʰə-bɔ,3,an,1,ɔː,1,ʥo,1,s-kuk,1,ʥiŋ,1,ʨɔ̃ː-du,3,ba-kʰy,1,ʨʰĩː,1,ʨʰyŋ-zyk,2,rýŋ,1,nə-miː,1,ʨĩː,7,a-nɛʰ,1,tʰɛn,1,a-tʰɛ,1,tʰə,2,lɛː,1,pʰ-tʰyŋ,1,kʰoː ~ kʰow,1,pʰ-ʨʰɔ̃ː waː,3,a-zɔ̃ː,2,miː,1,p-søm,1,mə-pʰaŋ,2,ʥə-my,1,hiŋ,1,ʥɔ-hɔː ~ ʥoː,1
Khoitam,gu,1,naŋ,1,wa-ʥi,1,saŋ-ʥɔk,1,ik,2,ʨʰa-pʰluː,1,a-dɔk,1,hu,1,zɛk,1,ʨʰak,1,a-ʨʰũː,1,hɛː,1,sə-kik ~ s-kik,1,nyŋ,2,hɛː,1,byː,1,syŋ-ty,2,ʨʰe,1,iː,1,rɛ,1,pʰ-tʰɛː,1,liŋ,2,yk-ãː,1,kʰ-tʰyŋ,1,ʨʰu,1,a-juŋ,3,kʰa-by,1,a-ʨʰɔ̃ː,2,a-jɔː,1,ik-ʦiŋ,1,bɛ,1,nu,1,su,1,ʨʰan,1,a-pʰiŋ,1,ʨʰi,1,rɔ,2,a-ʥap,1,gə-zaŋ,1,a-ʨu,2,kʰ-ruk,1,jɔ̃,3,a-liː,1,uk,1,ɔ,1,ʨʰɛŋ,1,jam,1,a-lyŋ,2,lə-pʰik kʰɔm,2,dɛn,1,zɛː,1,a-rap,1,lɛ,1,sə-sĩː,2,a-rɛŋ,1,hɛk,1,nam-blu,1,ʨʰə-sɔː,1,a-ʥɛŋ,1,b-rɛː,1,nə-tʰuŋ,1,a-fan,1,nə-pʰuŋ,1,bə-,1,a-man,1,han,1,lym,1,nə-ʨʰu,2,ə-hɛk,1,a-hĩː,3,riŋ,3,huŋ,2,kʰə-pʰɔ,3,an,1,nũː (-ʨʰi),2,ʥɔː,1,s-kuk,1,ʥiŋ,1,a-ʥan-du,3,ba-kʰy,1,ʨʰĩː,1,ʨʰyŋ-zyk,2,rýŋ,1,nə-miː,1,ʨĩː,7,a-nɛʰ,1,tʰĩː,1,a-tʰɛ,1,tʰɛː,2,lɛː,1,nə-tʰyŋ,1,kʰɔː ~ kʰoː,1,a-ti jaː,4,a-zɔ̃ː,2,miː,1,ny-sɔm,1,nə-pʰaŋ,2,ʥə-my,1,hiŋ,1,ʥy-jɔː,1
Jerigaon,gu,1,naŋ,1,wa,1,san-ʥɔk,1,ik,2,ʨʰa-pʰluː,1,a-dɔk,1,hu,1,zɛk,1,ʨʰak,1,a-ʨʰũː,1,hɛː,1,i-hik,1,nyŋ,2,hɛː,1,byː,1,s-ty,2,ʨʰe,1,iː,1,ra,1,pʰ-tʰɛː,1,liŋ,2,yk-ãː,1,kʰ-tʰyŋ-lɛ,1,ʨʰu,1,a-juŋ,3,kʰa-by,1,a-ʨʰãː,2,a-jɔː,1,ik-ʨʰiŋ,1,bɛ,1,nu,1,su,1,ʨʰɛn,1,a-pʰiŋ,1,ʨʰi,1,rɔ,2,a-ʥɛ,1,gə-zaŋ,1,a-ʨu,2,kʰ-ruk,1,jɔ̃,3,a-liː,1,uk,1,ɔ,1,ʨʰɛŋ,1,jan ~ jɛn,1,a-lyŋ,2,la-pʰyk kriː,2,dɛn,1,zɛː,1,a-lɛ,1,lɛ,1,sɛ̃j ~ sɛ̃ĩ,2,a-rɛŋ,1,hɛ,1,nam-blu,1,sɔː,1,a-ʥɛŋ,1,b-raː,1,NA,,ə-hɛn,1,nə-pʰuŋ,1,bə-,1,a-mɛn,1,hɛn,1,hamu,1,nə-ʨʰu,2,ə-hɛk,1,i-hĩː,3,lɛ ʔikʰɛn,4,huŋ,2,kʰ-pʰa,3,ɛn,1,NA,,ʥɔː,1,s-kuk,1,ʥiŋ,1,a-du-du,2,ba-kʰy,1,ʨʰĩː,1,də-zyk,2,lýŋ,1,nə-nyː,2,a-blã,2,a-nɛʰ,1,tʰøː(n),1,a-tʰɛ,1,tʰaː,2,lɛː,1,nə-tʰyŋ,1,kʰɔː,1,mə-tiː ja,4,a-zãː,2,niː,1,nə-søn,1,ny-pʰaŋ,2,ʥə-my,1,hiŋ,1,dy-jɔː,1
Khoina,gu,1,naŋ,1,laŋ-wa,1,ʂan-ʥɔk,1,ik,2,ʥɐ-pʰluː,1,a-dɔk,1,fu,1,NA,,a-ʨʰak,1,a-tʂʰũː,1,xaː,1,a-xyk,1,nyŋ,2,haː,1,byː,1,ɕ-tỹ,2,tʂʰe,1,iː,1,ra,1,bə-tʰaː,1,lyŋ,2,ɔ-ɔ̃ː,1,ga-tʰyŋ,1,ʦʰu,1,a-juŋ,3,ga-by,1,a-ʨʰɔ̃ː,2,a-jɔː,1,ik-ʦiŋ,1,ba,1,nu,1,ʂu,1,ʦʰɛn,1,a-pʰiŋ,1,ʦʰi,1,rɔ,2,a-dʐa,1,gə-ʐaŋ,1,a-xãŋ,3,mə-tʰɛ̃n,2,jɔ̃,3,a-liː,1,uk,1,ɔ,1,tʂʰajŋ,1,jan,1,a-lyŋ,2,ja-pʰyk kraː,2,dɛn,1,ʐaː,1,a-laʔ,1,la,1,də-ʨɛ̃ː,3,a-rɛŋ,1,xɛk,1,nam-blu,1,də-ʦʰɛː,1,a-ʣɛŋ,1,b-raː,1,nə-tu-xĩː,1,a-fɛn,1,nə-pʰuŋ,1,bə-,1,a-mɛn,1,hɛn,1,ham,1,naː-ʦʰu,2,a-xɛk,1,a-xĩː,3,ʦʰɔː,2,hũː,2,gə-pʰa,3,ɛn,1,nɔ̃ː-ʨʰi,2,ʣɔː,1,ʂ-kʰuk,1,ʣiŋ,1,a-ʥãn-du,3,ba-kʰy,1,tʂʰĩː,1,dy-ʐyk,2,lýŋ,1,naː-nyː,2,a-ʦĩː,7,a-naːʰ,1,tʰøː,1,a-tʰɛ,1,tʰaː,2,laː,1,ny-tʰyŋ,1,kʰɔː,1,mə-tiː ja,4,a-zãː,2,niː,1,na-søn,1,ny-pʰaŋ,2,ʥə-my,1,hiŋ,1,dy-jɔː,1
Dikhyang,koː,1,nɔ̃,1,oɛ,1,ɕi-ɲiŋ,2,wat,3,sə-pʰiə,2,ə-põː,2,fuə,1,kʰrik,2,ə-kʰoː,2,ə-sai,2,ə-fuɛ,1,ə-sɛŋ ~ ə-zɛŋ,2,ɲeoː,1,hõːe,1,hán,2,sə-kʰa-mau,3,ʨõ,1,iː,1,rjɛt,1,ʨɔi,6,naŋ,3,ə-kau,2,kʰɔ̃,2,ʦiə,2,ə-riː,5,miɛk ~ mjɛk,2,rɛʔɛ ruaŋ,1,ə-jou,1,bə-sɛn,1,boːɛ,1,ũə,1,eː-ɕau ~ ə-ɕau,1,mə-ʦo,2,ə-li-jeː,2,pʰi,1,wuə,1,ə-viə,3,kʰa-zijɔŋ,1,ə-kɔŋ,3,kʰruk,1,jɔi,3,ə-lai,1,uk,1,uːə,1,ə-riɔŋ,2,hõ,2,pʨʰau,3,laː-gjuŋ,3,ĩt,2,sjɔk,2,ə-rap,1,loɛ,1,ə-pʰin,2,ə-pʰjaŋ,2,NA,,haː-bieː,1,siam,2,ə-bɛŋ,1,bu-rui,1,raguŋ ju-ŋã,3,"ə-vɔ̃
",2,ə-pʰuŋ,1,NA,,ə-hɛk,2,ʦjɔ̃,2,ləmuə duə,1,haː-pʰiɛ,3,ə-ɕɛk,1,ə-rəŋ,4,ran,3,sə-ruə,3,baːli,4,jaː,2,gə-rak,3,duk,2,eː-kʰuk,1,mjɛn,2,ə-ti-dua,1,ba-kʰau,1,ʦai,2,ʦaː-trɔŋ,3,ləbau,2,haː-nɛiŋ,3,pʰ-jɛŋ,1,ə-ɲui,1,rijə,2,ə-kʰla-bou,2,NA,,ryi,1,ɕiɲɛn,3,kʰoː,1,ɲujaː,5,ə-mau,3,ha-ɲu,2,haː-saːm,1,ə-jik,3,bə-mi,1,hiŋ,1,di-jau,1
Singchung,go,1,no,1,oe,1,ʃiŋiŋ,2,wat,3,s-pije,2,e-boᵘ,2,fua,1,tʰok-mage,3,kʰoᵘ,2,e-saⁱ,2,e-fua,1,e-zeŋ,2,ɲeoː,1,ʃuⁱt,2,NA,,s-kə-moᵘ,3,ʧo-ma-ge,1,i-da,1,ret-ma-ge,1,ʧi,6,kʰo-ŋaŋ,3,e-gaᵘ,2,kʰõ,2,ʧə-mut,2,kʰe-re,5,mi-jak,2,rᵘaŋ,1,e-ju,1,bə-sen,1,boᵉ,1,ūa,1,e-pije,2,kʰe-ma-ge,3,li-ja,2,pʰi-mage,1,lua,3,a-vije,3,kʰa-zijaŋ,1,NA,,kʰɾuk,1,nu va-ma-ge,4,laⁱ,1,NA,,wa-ma-ge,1,e-rijaŋ,2,hõ,2,NA,,lə-spau,4,tʰek-ma-ge,3,ʧijo,2,e-rap,1,loᵉ,1,NA,,pʰijaŋ,2,NA,,ha-bije,1,s-pʰun,3,e-beŋ,1,NA,,e-jua,3,o-voᵘ,2,e-pʰuŋ,1,NA,,e-he,2,ʤijo,2,ləmua,1,ha-pʰije,3,e-ʃaik,1,e-raŋ,4,NA,,su-ruwa,3,bali,4,je-ma-ge,2,rək-ma-ge,3,duk-ma,2,e-kʰuk,1,mijen-ma-ge,2,ẽeᵘ,4,boᵉ-kʰaᵘ,1,riᵒ-ma,3,sa-dijoŋ,3,labaᵘ,2,ha-naⁱ,3,pʰi-jam,1,e-ɲoⁱ,1,tʰa-rija-ma-ge,2,NA,,e-hihi,3,iri,1,ʃiniŋ,3,kʰo,1,niwka,5,e-moᵘ,3,ha-niju,2,ha-sam,1,NA,,di-mi,1,hiŋ,1,di-jo,1
Wangho,ko,1,no,1,we,1,ʃiŋiŋ,2,wat,3,s-pije,2,e-boᵘ,2,fua,1,kʰrik,2,ekʰoᵘ,2,e-saⁱ,2,e-fua,1,e-zak,2,ɲeoː,1,haᵘ,1,NA,,s-kə-moᵘ,3,ʧo,1,iⁱ,1,ret,1,ʧaⁱ,6,naŋ,3,e-kaᵘ,2,kʰõ,2,ʧə-mut,2,kʰe-re,5,mi-jak,2,ruwaŋ,1,e-ju,1,pə-ʧi-jat,1,boᵉ,1,ūa,1,e-pije,2,kʰeⁱ,3,e-li-ja,2,pʰi,1,və-wa,1,a-vije,3,kʰa-zijaᵘ,1,NA,,ki-ja-tuŋ,3,nū-a,4,e-laⁱ,1,NA,,ua,1,e-rijok,2,hõ,2,NA,,la-kijuŋ,3,īt,2,ʧijo,2,rap,1,luᵉ,1,NA,,e-pʰijam,2,NA,,habije,1,ʃijam,2,e-beŋ,1,NA,,ja-pu,3,e-voŋ,2,e-pʰuŋ,1,NA,,e-hek,2,ʧo,2,ləmua,1,ha-pʰije,3,e-ʃek,1,e-raŋ,4,NA,,su-ruwa,3,bali,4,je,2,rək,3,tuk,2,e-kʰuk,1,mijen,2,e-juŋ,4,bu-kʰu,1,riᵒ,3,sa-tijoŋ,3,labaᵘ,2,ha-neⁱŋ,3,pʰi-jaŋ,1,e-ɲoⁱ,1,ɹije,2,NA,,he-pʰomono,3,ri,1,ʃinijat,3,kʰoᵘ,1,niw,5,e-moŋ,3,ha-ŋuŋ,2,ha-sam,1,NA,,bi-mi,1,hiŋ,1,di-jo,1
Bichom,go ~ gu,1,no,1,uwe,1,siiŋ,2,wat,3,s-pije,2,boᵘ,2,fua,1,tʰok-pʰa,3,kʰoᵘ,2,e-saⁱ/soⁱ,2,e-fua,1,e-zeŋ,2,niw,1,fũp-pʰa,3,NA,,ʧa-ka-maŋ,3,ʧoa-pʰa,1,i-pʰa,1,reʔ-pʰa,1,ʧoⁱ,6,naŋ-pʰa,3,e-gaᵘ,2,kʰõ,2,ʧə-mut,2,e-ri,5,mi-jak,2,rᵘaŋ,1,e-ju,1,bə-sen,1,boᵉ,1,u-ŋa,1,e-bije,2,kʰeⁱ,3,leⁱ,2,pʰi-pʰa,1,tʰe-vəə,1,a-vije,3,kʰa-zijaŋ,1,NA,,kʰɾuk,1,joⁱ-pʰa,3,laⁱ,1,NA,,ua-pʰa,1,e-rijaŋ,2,hõ,2,NA,,lə-spau,4,tʰe-jak-pa,3,ʃijaʔ,2,rap,1,luᵉ,1,NA,,pʰijaŋ,2,NA,,ha-bije,1,sem,2,e-beŋ,1,NA,,e-jua,3,e-wã,2,e-pʰuŋ,1,NA,,e-hek,2,ʤijo,2,ləmua,1,ha-pʰije,3,e-ʃaik,1,e-raŋ,4,NA,,su-rəja,3,bali,4,je-pʰa,2,rəg,3,duk,2,e-kʰuk,1,mijan-pʰa,2,e-juŋ,4,bam-kʰam,1,riᵒ,3,ta-dijaŋ,3,labaᵘ,2,ha-naⁱ,3,pʰi-jaŋ,1,e-ɲoⁱ,1,ɹeⁱ-pʰa,2,NA,,he-pʰomono,3,ri,1,ʃinijat,3,kʰoᵘ,1,niw,5,e-moᵘ,3,ha-niju,2,a-ʃam,1,NA,,bi-mi,1,hiŋ,1,di-jo,1
Kaspi,gu,1,no,1,tʰe,2,ʃiŋiŋ,2,wat,3,s-pije,2,boᵘ,2,fo,1,ʧi-pʰa,4,kʰoᵘ,2,soⁱ,2,nə-faⁱ,1,ni-zeŋ,2,dut,5,ʤi-jo-pʰa,4,NA,,ʧa-ka-maŋ,3,ʧoa-pʰa,1,i-dən,1,reⁱ-pʰa,1,ʧoⁱ,6,naŋ-pʰa,3,goᵘ,2,kʰõ,2,ʧə-mut,2,kʰe-re,5,mi-je,2,rᵘaŋ,1,e-jo,1,pə̌-sen,1,baⁱ,1,ūa,1,mə-bi,2,kʰeŋ-pʰa,3,leⁱ,2,pʰi-pʰa,1,dun,4,a-vije,3,kʰa-zijaŋ,1,NA,,kʰɾuk,1,nu-a-pʰa,4,laⁱ,1,NA,,ua-pʰa,1,e-rijaŋ,2,hõ,2,NA,,la-gijoŋ,3,it-pʰat,2,seʔ,2,rap,1,laⁱ,1,NA,,pʰijaŋ,2,NA,,ha-bije,1,sem,2,e-beŋ,1,NA,,jua,3,m-vəo,2,e-pʰuŋ,1,NA,,e-hek,2,ʤe,3,ləmua,1,ha-pʰije,3,ʃeⁱ,1,e-raŋ,4,NA,,su-ɹe,3,bali,4,si-pʰa,3,rek-pʰa,3,dək-mu,2,e-kʰuk,1,men,2,e-juŋ,4,baiŋ-kʰam,1,ʤoi,2,la-dijaŋ,3,labaᵘ,2,ha-naⁱ,3,pʰi-jaŋ,1,e-ɲoⁱ,1,je-pʰa,2,NA,,he-pʰomono,3,ri,1,ʃiniŋ,3,kʰoᵘ,1,nije,5,mõᵘ,3,ha-niju,2,ha-sam,1,NA,,hõa-mu,2,hiŋ,1,tʰə-mi-jaŋ,4
Namphri,go,1,no,1,oe,1,ʃiŋiŋ,2,wat,3,s-pije,2,boᵘ,2,fua,1,tʰok-pʰa,3,e-kʰoᵘ,2,e-sui,2,mə-faⁱ,1,e-zeŋ,2,niw,1,fu-pʰa,3,NA,,ʧa-ka-maŋ,3,ʧo,1,i-dun,1,ɾap-pʰa,1,ʧoⁱ,6,naŋ,3,nə-gou,2,kʰõ,2,ʧə-mut,2,kʰe-re,5,mi-jak,2,rᵘaŋ,1,e-jo,1,pə-ʃen,1,boᵉ,1,u-ŋə̄,1,e-bei,2,kʰeⁱ-pʰa,3,eleⁱ,2,pʰi,1,vəo-pʰa,1,a-vije,3,kʰa-zijaŋ,1,NA,,kʰɾuk,1,joⁱ,3,e-laⁱ,1,NA,,ua,1,e-rijaŋ,2,hõ,2,NA,,la-gijoŋ,3,it-pʰa,2,ʃeʔ-pʰa,2,rap,1,laⁱ,1,NA,,e-pʰijam,2,NA,,ha-bije,1,sem,2,e-beŋ,1,NA,,jua,3,e-vo,2,e-pʰuŋ,1,NA,,e-hek,2,ʤe,3,ləmua,1,ha-pʰije,3,e-ʃaik,1,e-raŋ,4,NA,,su-ruwa,3,bali,4,jo-pʰa,4,rək,3,duk-ma-ge,2,e-kʰuk,1,men-pʰa,2,iu,4,boᵉ-mo-kʰəm,1,ʤai-ma-ge,2,ta-dijaŋ,3,lubu,2,ha-naⁱ,3,pʰi-jaŋ,1,e-ɲoⁱ,1,lije,2,NA,,ʤije,4,ri,1,ʃiniŋ,3,kʰoᵘ,1,ɲijaga,5,e-moŋ,3,ha-niju,2,ha-sam,1,NA,,hõa-mua,2,hiŋ,1,di-jo,1
Bulu,guː,1,naː,1,vɛː,1,ʤam-ʤuʔ,1,geʔ,4,pʰa-rəp,3,a-raː,3,pə-duː,2,tɔʔ,3,a-ʧaʔ,1,a-hjɛN,3,a-hui,1,a-zɛN,2,a-njɛː,4,ham,5,ʒeN,3,sə-tɨː,2,ʧɛʔ,1,iː,1,ʦaʔ,2,buː,2,in,2,a-wɛN,1,a-kuiN,2,ʧiː,2,a-wuN,3,a-kəm,4,a-ʧoi,2,a-ʒɔː,1,a-geʔ gə-sɨn,1,bɛː,1,ʧui,2,ʃiː,1,kiː,3,ljɛː,2,taN,2,vuː,1,a-mjɛː,4,kə-zaN,1,a-ʃɔN,4,a-kuN,1,nɨŋ,4,a-lɨː,1,uʔ,1,wɛʔ,1,a-kjɛN,1,ham,2,a-lɨŋ,2,a-lɛː kə-peiʔ,5,dɛN,1,zɛː,1,a-ləp,1,a-lɛː,1,a-pʰiN,2,a-pjaN,2,ʃiʔ,2,haN-bɔː,1,a-səm,2,a-bjɛN,1,sim-bə-lui,1,kə-tuN-rin,1,a-fɛN,1,a-pʰuN,1,ba-,1,a-ʦɛN,3,tyi,4,lim,1,ham-piː,3,a-ʃiʔ,1,ʃiN-rin,4,rin,3,fəu,4,səm-pjɛː,6,riː,5,niŋ,4,rɨː,3,a-kuʔ,1,rəm,3,a-ziː,5,bɛ-kʰɨː,1,ʧin,1,haN-waiʔ,4,ka-lɨŋ,1,ha-mi,1,a-pin,3,a-nyi,1,leː,2,a-pən,3,hɨŋ,3,a-lyi,1,kə-tɔN,1,kʰɔː,1,hɛː,6,a-rjuN,4,mii,1,haN-ʃin,2,a-ʒuiN,3,mə-ruː,3,ʃiN,1,ʤi-rjɛ:,3
Kojo Rojo,go,1,naŋ,1,wai,1,gam-gɹu,1,geiʔ,4,bə-rəm,3,a-rai,3,pə-doː,2,tua,3,a-ʧuaʔ,1,a-hjeĩ,3,a-fui,1,a-ʒan,2,a-njei,4,ʤəu,4,ɹan,4,ka-dəu-sə,2,ʧap,1,iː,1,ʒou,3,buː,2,in,2,a-wan,1,a-kun,2,ʧiː,2,a-liː,5,a-kəm,4,a-ʧai,2,a-zjaː,1,gei-ʃin,1,bai,1,ʧui,2,mai,3,kɹei,3,jei,2,taŋ,2,wuː,1,a-njam,5,kə-zjaŋ,1,a-hɹan,5,a-kuŋ-bəː,1,nuŋ,4,a-lei,1,ɨʔ,1,aiʔ,1,a-kɹan,1,ham,2,a-loŋ,2,lai ka-pɹei,5,dan,1,zjei,1,hɨ̃-jəm,1,lai,1,a-pin,2,a-pɹaŋ,2,hɹɛ,1,ha-bu,1,səm,2,a-bɹɛn,1,roŋ-rei,1,tuŋ-rin,1,a-fan,1,a-puŋ,1,ba-,1,a-ʧjɛn,3,kjuː,2,lim,1,ham-pɹoː,3,a-hɨː,2,hɨ̃-rin,4,ren,3,fou,4,pan-ʧɨː-hɹɛː,6,rjoː,6,njəŋ,4,ʤao,1,a-kɨː,1,rəm,3,a-ziː,5,bai-kəː,1,ʧin,1,ha-daŋ,3,ka-hoŋ,1,ha-mi,1,a-pin,3,a-sərjam,2,lei,2,a-pen,3,həŋ,3,jui,1,kə-tuaŋ,1,kua,1,hai,6,a-rjuŋ,4,hoː,2,ha-hɹɨn,2,a-ʒun,3,a-mui,1,hɹɨn,1,rə-niː,2
Rawa,go,1,na,1,hoː,3,ga-mə-gɹoː,1,get,4,bai-rəp,3,a-rai,3,pə-doː,2,tua,3,a-ʧaː,1,a-hjɛĩ,3,fui,1,a-zaʔ,2,njɛi,4,ʤəu,4,bəu,1,toŋ-səu,2,ʧap,1,iː,1,kat,4,boː,2,in,2,a-wan,1,kot,2,ʧiː,2,tju-li,5,kəp,4,a-ʧai,2,a-zjaː,1,gə-sin,1,bai,1,ʧuei,2,mai,3,kei,3,ljɛi,2,taʔ,2,woː,1,a-njam,5,kə-zjaʔ,1,NA,,koʔ-bəu,1,noŋ,4,a-lei,1,əə,1,at,1,a-kɹɛt,1,ham,2,NA,,lai kə-rəʔ,6,dat,1,zei,1,hɨŋ-ləp,1,lai,1,a-pjet,2,a-pɹaŋ,2,hɛː,1,ha-nua,2,səp,2,a-bɹɛn,1,roː-rei,1,tõ-rɨn,1,a-faʲt,1,poŋ,1,ba-,1,a-ʧet,3,tjoː,2,lɨp,1,ham-pɹoː,3,a-rjuʔ,3,a-rɨŋ,4,rit,3,foː,4,pã-ʧɨʔ,6,rjoː,6,niŋ,4,tuŋ,2,a-kəː,1,rəp,3,a-jiŋ,4,bai-kɨː,1,ʧiŋ,1,sat,5,kə-bɹaː,3,ha-mi,1,a-pin,3,a-kə-doŋ,3,lei,2,a-piʔ,3,həŋ,3,lue,1,tuaŋ,1,kua,1,hai,6,a-rjuŋ,4,hoː,2,ha-hɨn,2,a-zuət,3,a-mui,1,hɨŋ,1,(prjoniː),
Saria,go,1,na,1,waː,1,gɹɛŋ-gɹo,1,geiʔ,4,bai-rəʔ,3,toʔ,1,pə-doː,2,tua,3,a-kjaː,1,a-hɛ̃,3,hue,1,a-zaiʔ,2,ɲɛː,4,ʤɨː,4,eiʔ,5,ka-tɨː-sɨː,2,kjaʔ,1,iː,1,kaiʔ,4,boː,2,riŋ,2,a-waiʔ,1,kuiʔ,2,ʧiː,2,mə-riː,5,kəʔ,4,kjeː,2,a-zua,1,gei-siŋ,1,bɛː,1,ɲoː,1,mə-reʔ,4,piʔ,1,lɛː,2,taŋ,2,uː,1,a-jɨː,6,kə-zaʔ,1,gaː,6,a-koʔ,1,roŋ,4,a-lei,1,rjaŋ-əː,1,aiʔ,1,a-kuaŋ,3,haʔ,2,a-raŋ,4,lɛː-kuŋ,7,daiʔ,1,zɛː,1,a-ləʔ,1,lai,1,a-piʔ,2,pɹaŋ,2,prɛː,3,aŋ-bo,1,səʔ,2,a-bɹɛŋ,1,rue-ri,1,kə-tjuŋ,1,a-faiʔ,1,poŋ,1,ba-,1,a-ʧeiʔ,3,ʧue,3,liʔ,1,haʔ-pɹo,3,a-rjuʔ,3,a-riŋ,4,riʔ,3,hoŋ,2,bɛɛ-ʧiʔ,6,jɔː,4,ɲɨː,4,tuŋ,2,a-kəː,1,rəʔ,3,ɲɛː-doː,6,bai-kɨː,1,ʧiŋ,1,saiʔ,5,kə-bɹaː,3,ha-mi,1,a-piŋ,3,ɲi-mɹɛː,4,rei,2,toʔ-rɨː,4,həŋ,3,lue,1,tuaŋ,1,kua,1,hai,6,a-rjuŋ,4,haː,2,a-huiʔ,3,mə-juiʔ,3,a-mui,1,hɹiŋ,1,bɹõrĩ,3
Chayangtajo,go,1,na,1,wɛː,1,gɹɛŋ-gɹo,1,geiʔ,4,bɛɛ-rak,3,kəlaː,4,pə-dou,2,tua,3,a-ʧaː,1,a-hjɛ̃,3,hue,1,a-zaiʔ,2,a-njɛː,4,jɨː,4,eiʔ,5,ka-təː,2,ʧap,1,iː,1,kaiʔ,4,kajoː,3,riŋ,2,a-waiʔ,1,(a)-kuiʔ,2,ʧiː,2,mə-riː,5,(a)-kək,4,a-ʧjeː,2,a-zua,1,gei-siʔ,1,bae,1,kahuaŋ,3,mə-rjeʔ,4,pjeʔ,1,ljɛː,2,taŋ,2,uː,1,a-njaŋ,5,kə-zak,1,a-kaː,6,a-kok,1,roŋ,4,a-lei,1,rou-gəə,2,aiʔ,1,ko-waŋ,3,ʧuk,3,a-ɹaŋ,4,ka-pɹei,5,daiʔ,1,ruɛ,3,a-ləʔ,1,(a)-lɛː,1,a-pjiʔ,2,a-pɹaŋ,2,pɹɛː,3,am-boː,1,səʔ,2,a-bɹɛŋ,1,rue-rei,1,kə-tuŋ,1,a-faiʔ,1,a-pok,1,ba-,1,a-ʧaiʔ,3,hui,5,puzuɛ,2,am-pɹuː,3,a-rjuk,3,a-reŋ,4,riʔ,3,hoŋ,2,pɹɛː-ʧeiʔ,6,luiʔ,7,ʤei,5,tuŋ,2,a-kəː,1,rəm,3,kə-siʔ,7,bɛː-kɨː,1,ʧiŋ,1,pə-ʤaiʔ,6,kə-bɹaː,3,kriː,2,a-piŋ,3,ni-mɹɛː,4,rei,2,a-piʔ,3,həŋ,3,a-rue,1,kə-tuaŋ,1,kua,1,hiː,7,a-rjuŋ,4,haː,2,aŋ-huiʔ,3,a-juiʔ,3,a-mui,1,hɹeŋ,1,bjariː,3
Lasumpatte,go,1,na,1,wɛː,1,gɹɛŋ-gɹo,1,geiʔ,4,bɛɛ-rak,3,kəlaː,4,pə-dou,2,tua,3,a-ʧjaː,1,a-hjɛ̃,3,hue,1,a-ʤaiʔ,2,a-njɛː,4,ʤɨː,4,ek,5,ka-təː,2,ʧjap,1,iː,1,kaiʔ,4,kajoː,3,riŋ,2,a-waiʔ,1,(a)-kuiʔ,2,ʧiː,2,mə-riː,5,(a)-kək,4,a-ʧjeː,2,a-ʤua,1,gei-siʔ,1,bɛː,1,kahuaŋ,3,mə-rjeʔ,4,pjiʔ,1,ljɛː,2,taŋ,2,uː,1,a-njaŋ,5,kə-ʤak,1,a-kaː,6,a-kok,1,roŋ,4,a-lei,1,rou-gəə,2,aiʔ,1,ko-waŋ,3,ʧuk,3,aŋ-ɹaŋ,4,ka-pei,5,daiʔ,1,ruɛ,3,a-ləʔ,1,(a)-lɛː,1,a-pjiʔ,2,a-pɹaŋ,2,pɹɛː,3,am-boː,1,səʔ,2,a-bɹɛŋ,1,rue-rei,1,kə-tjuŋ,1,a-faiʔ,1,a-pok,1,ba-,1,a-ʧaiʔ,3,hui,5,puzuɛ,2,am-pjuː,3,a-rjuk,3,a-reŋ,4,riʔ,3,hoŋ,2,pjɛː-ʧeʔ,6,luiʔ,7,ʤei,5,tuŋ,2,a-kəː,1,rəm,3,kə-siʔ,7,bɛː-kɨː,1,ʧiŋ,1,pə-ʤaiʔ,6,kə-bɹaː,3,kriː,2,a-piŋ,3,ni-mɹɛː,4,rei,2,a-piʔ,3,həŋ,3,a-rue,1,kə-tuaŋ,1,kua,1,hiː,7,a-rjuŋ,4,haː,2,aŋ-huiʔ,3,a-wiʔ,4,a-mui,1,hjeŋ,1,bjariː,3
ZMYYC,goh⁵³,1,nah⁵³,1,væ³³,1,gɹɛn³³-gɹo⁵³,1,geʈ³³,4,bæ³³-ɣək³³,3,a³³-bua³³,2,pə³³-tu³³,2,tua⁵³,3,a³³-bio⁵³,3,a³³-ɦiɛ⁵³,3,hue⁵³,1,NA,,a³³-niɛ¹¹,4,NA,,ɣəȶ³³,5,kə³³-tɯ³³,2,ciak⁵³,1,ji³³,1,kaʈ³³,4,boh⁵³,2,rin³³,2,a³³-vəʴʈ³³,1,a³³-kuʈ³³,2,ʨih⁵³,2,mə³³-ri³³,5,kək³³,4,a³³-ciɛ³³,2,a³³-ʑua¹¹,1,geʈ³³-ɕit³³,1,bæ³³,1,ka³³fuaŋ⁵³,3,mə³³-ri³³,4,pie³³,1,liɛ³³,2,taŋ³³,2,u³³,1,a³³-niaŋ¹¹,5,kə³³-ʑak³³,1,a³³-siet³³,7,ko⁵³,1,ɣɔŋ (!),4,a³³-lei³³,1,ɣɯ³³-ɣə⁵³,2,waʴt³³,1,a³³-kə-vuaŋ³³,3,ʨok³³,3,a³³-ɹaŋ⁵³,4,NA,,daʈ³³,1,ɣuɛ³³,3,heʴn³³-lɯk³³,1,læ³³,1,a³³-pie⁵³,2,a³³-pɹaŋ⁵³,2,pə³³ɣæ⁵³,3,aŋ³³-bo³³,1,mə³³luʈ³³,4,a³³-bɛʴŋ³³,1,NA,,kə³³-tuoŋ³³,1,a³³-faʈ³³,1,pɔk³³,1,ba³³-,1,a³³-ʨɛt³³,3,ɦui³³,5,pə³³zuɛ³³,2,aŋ³³-pru⁵³,3,a³³-jiʈ³³,4,heʴn³³-kuŋ³³,5,riʈ³³,3,hɔŋ³³,2,pɹæʳ³³-ʦət³³,6,luȶ⁵³,7,ŋua³³/daȶ³³,6,toŋ³³,2,a³³-kə⁵³,1,ɣəŋ³³,3,ciaŋ³³,3,bæ³³-kɯ³³,1,cin³³-pua¹¹,1,ha³³-ɣat⁵³,7,kə³³-pɔʳ³³,3,kə³³ri³³,2,a³³-piŋ³³,3,a³³-ɲuk³³kuaŋ³³,1,ɣei³³,2,a³³-piʈ³³,3,həŋ³³,3,rye³³,1,kə³³-tuaŋ³³,1,kua³³,1,hi⁵³ɟeh⁵³,7,a³³-rioŋ³³,4,ha³³,2,aŋ³³-huʈ⁵³,3,a³³-juʈ³³,3,a³³-mui⁵³,1,heʴn³³,1,bie³³ri⁵³,3
Li Daqin,goh⁵⁵,1,na⁵⁵,1,vaʳ⁵⁵,1,gran³¹-koʳ⁵³,1,giᵗ⁵⁵,4,bæ³³-ɣəh⁵³,3,a³¹-bua⁵⁵,2,pɯ³¹-tu⁵⁵,2,tua⁵⁵,3,a³¹-ʥiu⁵³,1,a³³-ɦam⁵⁵,3,hui⁵³,1,a³¹-zai⁵⁵,2,a³³-niɛ¹¹,4,ɕi⁵⁵,6,NA,,kə³¹-tɯ⁵⁵,2,ciaᵏ⁵³,1,ji⁵⁵,1,kaᵗ⁵⁵,4,boh⁵³,2,ɣliŋ⁵⁵,2,a³¹-vaʳᵗ⁵⁵,1,mɯ³¹-kui⁵³,2,ʨih⁵³,2,mɯ³¹-ɬi⁵⁵,5,a³¹-gɯᵏ⁵⁵,4,a³¹-cie⁵⁵,2,mɯ³¹-ʑua⁵⁵,1,giᵗ³³-ɕiᵗ⁵³,1,bæ⁵⁵,1,ka³³fuaŋ⁵³,3,mɯ³¹-ɬiᵏ⁵⁵,4,pie⁵⁵,1,lian³³,2,taŋ⁵⁵,2,wu⁵⁵,1,a³¹-ɲiaŋ⁵⁵,5,kau³¹-ʑiaᵏ⁵⁵,1,a³¹-ga⁵⁵,6,a³¹-kau⁵³,1,ɣaŋ⁵⁵,4,a³¹-lei⁵⁵,1,ʣa³³-ɣə⁵³-doŋ⁵-⁵ɣə⁵³,2,waʳᵗ⁵⁵,1,a³¹-vaŋ⁵³,3,ʨauᵏ⁵³,3,a³¹-raŋ⁵³,4,mə³¹-lai⁵⁵kə³¹-pei⁵³,5,daᵗ⁵⁵,1,ɣue⁵⁵,3,a³¹-lɯᵏ⁵³,1,a³¹-ʦæ⁵³,2,a³¹-pie⁵³,2,a³¹-pɹaŋ⁵⁵,2,pɯ³¹ɣai⁵³,3,aŋ³³-bo⁵⁵,1,ɕəʳᵏ⁵⁵,2,a³¹-braŋ⁵³,1,a³¹-ɬɯi⁵⁵,2,kɯ³¹-toŋ⁵⁵,1,a³¹-fuaᵗ⁵⁵,1,a³¹pauᵏ⁵⁵,1,ba³¹-,1,a³¹-ʨeᵗ⁵⁵,3,çun⁵⁵,6,pɯ³¹zuai⁵⁵,2,aŋ³³-pru⁵³,3,a³³-jiˀ⁵⁵,4,a³¹-koŋ⁵⁵,5,ʑei⁵⁵,5,hoŋ⁵⁵,2,paʳ⁵⁵-ʦeʳ³³,6,ɬuiᵗ⁵³,7,ŋwa⁵⁵daᵗ³³,6,toŋ⁵⁵,2,a³¹-kə⁵³,1,ɣəŋ⁵⁵,3,ʥiaŋ⁵⁵,3,bæ³³-kɯ⁵⁵,1,cin⁵⁵,1,ha³¹-ɣai⁵³,7,kə³¹-paʳ⁵⁵,3,kəʳ³¹ri⁵⁵,2,a³¹-pin⁵⁵,3,a³¹-ɲiu⁵⁵kuaŋ⁵⁵,1,ɣei⁵⁵,2,a³¹-piᵗ⁵³,3,həŋ⁵⁵,3,a³¹-lye⁵⁵,1,kɯ³¹-tuaŋ⁵⁵,1,kua⁵⁵,1,hi⁵⁵,7,a³¹-ɬioŋ⁵⁵,4,ha⁵⁵,2,aŋ³³-xɯᵗ⁵⁵,3,a³¹-jəuᵗ⁵⁵,3,bi⁵⁵-a³¹-mui⁵³,1,hren⁵⁵,1,bie³³ɬi⁵³,3
,,,,,,,,,,,,,,,,,,,,,,,,,,,,,,,,,,,,,,,,,,,,,,,,,,,,,,,,,,,,,,,,,,,,,,,,,,,,,,,,,,,,,,,,,,,,,,,,,,,,,,,,,,,,,,,,,,,,,,,,,,,,,,,,,,,,,,,,,,,,,,,,,,,,,,,,,,,,,,,,,,,,,,,,,,,,,,,,,,,,,,,,,,,,,,,,,,,,,,,,
TSB,ʥaŋ,2,nan,1,rɔk,4,kʰaŋ-ʥi-la,3,ga-daŋ,5,tʰu-lu,4,ka-taŋ,5,kʰa,3,ŋam,5,kʰak-pu,2,ʨʰaŋ-lu,1,ʑi,4,kʰaŋ,3,nu,1,diɾ,7,baŋ,6,muk-pa,1,gɛp,1,ɕi,1,a,5,kʰu,4,ʥam,4,saŋ-bu,3,na,3,za,3,goi-tʰam,6,miŋ,2,tʰa-ɾiŋ-bu,1,jan,2,ʦi-naŋ,1,mi,1,ŋa,1,ɕa,1,pʰir,5,pʰuŋ-ma,3,bi,1,di,5,lɛk-pu,7,ʦʰam,2,kaktaɾ,1,ɕa-ɾaŋ,4,na tʰa,5,ʨit-pu,2,gum,3,ɕe,1,wa-ɾɔŋ,2,pʰai,4,naŋ-ka,1,tɔŋziŋ,8,se,2,ŋaɾ,4,ɕaba,2,bi,3,ʨʰim-pa,3,ɾiŋ-bu,1,ɕiŋ,2,laɲi ŋam,3,no-waŋ,5,miŋ,2,pʰu-ʨi,3,ŋaŋ,4,siŋ-ma,3,na-huŋ,2,ma,1,man-ma,1,tʰuɹ,7,lam,1,ŋam-su,4,ʦa-lu,5,ra-ʨʰi,1,ʥuk,6,in-ʨʰa,5,bɛʦa,1,jik,8,tʰɔŋ,7,laŋ,4,kʰɔp-taŋ,1,jip,4,ze-mu,5,mu-gu,1,tʰiŋ,4,kaɾma,1,luŋ,1,ŋam,4,ɕim-pu,7,ɕampi,5,bu,3,tʰɛt-pu,1,u-tʰu,2,le,1,ɕa,4,ɾi,2,haŋ,8,baliŋmin,5,ibi,3,ɾidi,4,ɕɔk-pa,5,me-wakʦa,4,ɕiŋ,1,ʔi-niŋ,2
WB,ŋà/kò,2,"ɲí, nì̃, nḭ̃",2,θù,2,pəyweʔ sʰeiʔ,4,leʔ,6,pyà,2,ʧí (kji:),6,ŋ̊eʔ,4,kaiʔ,6,kʰá,2,neʔ,4,θwéi,4,əyó,5,no̰,1,laʊ̀̃ (laun),8,pó (pou:),6,tèĩ,2,ŋò,3,θèi,1,ʧé (kje:),6,kw̥éi (khwei:),4,θaʊʔ,5,θwḛi,4,ná,3,sá,3,ṵ,3,seʔ kʰṵ,3,wéi,3,əsʰì,3,leʔ θé,1,mí,1,ŋá,1,ə-θá,1,pyà̃ (pjan),1,pʰyó,3,ká̃,3,tó,2,káʊ̃,8,sʰà̃,2,mà,8,gáʊ̃ (gaun:),5,ʤá (kja:),1,léi,1,póʊ̃,4,θaʔ,1,ʤò (gjou),6,èĩ (ein),5,ətwí̃ (atwin:),5,dú,9,taʔ,1,yè (yi),5,əyweʔ,5,ʧʰèi (ʧʰi),4,ə-θé,2,myɔ́,3,θá̃ (than:),4,sà̃ dà (san da),3,n̥oʊʔ,5,nà myì,2,ʧʰeʔ,4,lè,5,θiʔ,3,n̥à,2,NA,,háʊ̃ (haun:),4,tiʔ,4,lá̃ (lan:),1,mó (mou:),1,máʊ̃,6,əmyiʔ,6,pyéi,7,sʰá,5,θé,7,sʰò,9,myì̃,4,tʰàĩ (htain),5,əkʰù̃ (akhun),1,seʔ,5,ɲ̥eʔ,6,ə-kʰó,1,tʰa̰,5,ʧè (kje),8,ʧaʊʔ (kjau'),4,nèi,2,ʤò (chou),4,myí,4,sʰaʊ̀̃,4,tʰù,4,dà,2,ʃà,2,swāḥ,4,yèi,2,əbè,1,pʰyù,6,myì,1,lèi,5,taʊ̀̃ bà̃ (taun ban),6,ɲé,5,θiʔ,1,NA,
WT,ṅa,2,khyed,3,kho,5,grog-ma,1,lag-pa,6,thal-ba,4,chen-po,7,bya,5,so rgyag-pa,7,kha-ba,2,nag-po,4,khrag,2,rus-pa,4,nu-ma,1,ḥbar,9,ḥkhur,7,smug-pa,1,ṅu-ba,3,śi,1,byed-pa,7,khyi,4,ḥthuṅ,5,skam-po,5,rna,3,bzaḥ-ba,3,sgo-ṅa,2,mig,2,thag riṅ-po,1,ʦhil,3,sen-mo,1,me,1,ña,1,śa,1,ḥphur-ba,5,gaṅ-ba,4,sbyin-pa,1,ḥgro,2,legs-po,7,skra,3,khag-po,1,mgo,5,sñan-pa,4,lǰid-po,2,bskuṅs-ba,3,bsad-pa,1,rwa,2,khyim,6,naŋ-la,1,pus-mo,10,śes-pa,2,bźad,1,lo-ma,3,rkaṅ-pa,7,mchin-pa,3,riṅ-po,1,śig,2,zla-ba,3,kha,3,miŋ,2,lte-ba,5,mǰiṅ-pa,6,gsar-pa,1,sna,2,ma,1,rñiṅ-pa,5,gčig,4,lam,1,char-pa,5,dmar-po,6,rʦa-ba,7,rgyug-pa,6,ʦhwa,5,bye-ma,8,bśad,10,mthoṅ-ba,7,sdod-pa,6,pags-pa,2,ñal-ba,6,chuṅ-chuṅ,8,du-ba,2,ḥgyiṅ-ba,1,skar-ma,1,rdo,5,ñi-ma,2,źim-po,7,mjug-ma,6,blangs-pa,5,ḥthug-po,4,ḥdi,5,lce,1,so,4,chu,3,ci,9,dkar-po,1,su,4,rluṅ-ma,6,gśog-pa,5,skye-dman,6,śiṅ,1,mdaṅ,5
PT,*ŋoː,2,noː,1,NA,,*ruk ~ rup,1,*lak,6,NA,,*tə~ta,1,*taŋ,6,*gam,5,*ko ~ kaː,2,NA,,*viː,4,*loŋ,5,NA,,*gu,10,*bak,6,*mək ~ muk,1,*krap,1,*si,1,*rjɯ,1,*kwiː,4,*tɯŋ,5,*san,3,*ña-ruŋ,3,*do,4,*pɯ,7,*mik,2,*do,4,*fu,4,*lak-zin,1,*mə,1,*ŋo,1,*dɯn,5,*bjar,1,*brɯŋ,3,*bi,1,*in,6,*-pro?,9,NA,,NA,,*dum,6,*tat²,6,*ɦit,3,NA,,*man,3,*rəŋ,2,*nam,7,NA,,*lə-bɯŋ,11,*ken,4,*ŋil,6,*nə,4,*lə,1,*zin,2,NA,,*fɯk,5,*po-lo,4,*gam,6,*mɯn ~ mrɯŋ,2,*kri-ni,6,*lɯŋ,7,NA,,*ña-buŋ,1,*maŋ,1,*ku ~ kju?,6,kon,8,*lam,1,*mV-doŋ,6,*lɯŋ,7,*pɯr?,8,NA,,*lo,8,NA,,*ban~man,11,*kaŋ,8,*duŋ,2,*rjo/*pɯn,3,*jup,4,NA,,*mə-kɯ,1,*dak,5,*kar,1,*lɯŋ,1,*ñi,2,*tiː,5,*me~ mjo,4,*laŋ,5,*bjɯŋ,5,*si,6,*rjo,1,*fiː,5,*si,4,NA,,*pun ~ puŋ,6,NA,,*rji,4,*lap,7,*mji-məː,1,*sɯŋ,1,NA,
PBG,*aŋ¹,2,*na²/*naŋ²,1,*u¹-,6,NA,,*yak,6,*thap⁴-la,4,-ma⁰,8,*tao²,2,*cik,2,*kha²,2,*Gɯ⁰-Sɯm⁴,2,*thɯi²,4,*kreŋ³,6,*shok,3,*kham¹,5,*ba²,6,NA,,*Grap,1,*thɯi¹,1,*tak,8,NA,,*lɯŋ¹,2,*ran²,6,*na[¹]-cur,3,*ca²,1,*pi¹-tɯi²,8,*mɯk-kon,2,*jal²/cal²,2,*mV⁴-tVm,5,*yak-si-kur,1,*bwar²,2,*na²,1,NA,,*pir¹,5,*pʰuŋ¹,3,*ron²,4,NA,,*nam¹,5,*khi³-ni,4,*rak,9,*kho⁴-rok,1,*khɯ¹-na,7,NA,,NA,,NA,,*kroŋ¹,1,*nok,8,*niŋ²/*nuŋ²,2,NA,,*si⁴,2,*mi⁴-ni,6,*lai²,1,*ya²-theŋ,5,*pi³-kha,2,*lao²,4,*thɯk,4,NA,,*khu²,3,*muŋ,2,NA,,*Go⁰-tok,1,*Gɯ⁰-dal⁴,5,*kuŋ¹-thuŋ,3,*-ya⁰,2,*Gɯ⁰-cam¹,7,-sha⁴,9,*la¹-ma,1,*no⁴-kha,7,*Gɯ⁰-cak,5,NA,,*khat,2,*sɯm³,6,*haŋ²-ceŋ,9,*hɯn¹,1,*nuk,2,*a⁴-shoŋ,7,*Gur¹,4,NA,,NA,,*muk,3,*diŋ¹,4,*[ha⁴-tV-khi],9,*loŋ²,1,NA,,*tɯi²,5,NA,,*la²,5,*rɯ⁴-ca,7,*i⁴,7,*shV¹-lai,1,*phwa¹-Gam,6,*tɯi¹,5,*ma⁴,10,*bok,7,*shar¹,5,*par¹,7,*kraŋ¹,8,*mV²-cik,7,NA,,*mi¹-a,4
PH,*na(-jaŋ),2,*ni,2,*i,7,*si-ni,2,*mə-guC,7,NA,,*mə-doʔ,1,*bə-dow,2,*taʔ,3,*kam,2,NA,,*jaC,3,*mə-ri-jaŋ,7,*mə-nuŋ,2,NA,,NA,,*maj-məwŋ,3,*kraC,1,*θəj,1,*ru,1,NA,,*tuŋ,5,mə-ki-laŋ,7,NA,,*ʨa,1,*do-riŋ,5,*mə-jaʔ,2,*mə-rəŋ,1,*mə-baC,6,NA,,*maj,1,trV,2,*su,1,NA,,*liŋ,1,*bəj,1,NA,,NA,,*go-pu,5,*mə-gaŋ-lo,6,*mə-go-kuŋ,5,NA,,*mə-ləj,1,NA,,*gajC,4,*mə-su,4,*nam,7,NA,,NA,,*ni,5,*toC,7,*mə-rajC,1,*laj,1,*mə-θin,2,*mə-pjaŋ,2,*saC,6,*lu,3,*mə-nuŋ,5,*mə-mjiŋ,2,NA,,NA,,*mə-gə-nu,6,NA,,NA,,*mə-ɕoʔ,8,a-ken,10,*lam-baŋ,1,*pro,3,*ʨaʔ,5,*mə-kriŋ,4,NA,,*lu,8,*sə-gə-raj,10,NA,,*gaŋ,8,*ʥuC,1,*mə-prja,5,*ʥV,7,NA,,*maj-kən,1,*gu,6,*lə-ʨuŋ,11,NA,,*ʥuʔ,5,*mə-jaŋ,1,*mə-lə-mrjaj,4,*ləw,2,NA,,*huŋ,3,*bə-laj,1,*mə-tu,4,*wi,6,*tiŋ,4,*mə-gə-raN,8,*θu,4,*low,8,*gə/mə-ʨəwC,9,*nəməraj,8,*(g)o,2,*də-gaC,6
PKC,*kay ⪤ kay-maʔ,1,*naŋ,1,NA,,NA,,*kut ⪤ khut,1,*wut,5,"*lian-II, lianʔ-II",9,*waa,1,*tewʔ,3,*khaat ⪤ khaak-II,2,*nak,4,*thii,4,*ruʔ,7,*hnooy,4,*haal,1,"*pua-I, puak-II",6,*may,4,"*krap-I, kraʔ-II",1,"*thii-I, thiʔ-II",1,*tuaʔ,8,*ʔuy,5,*ɗoon,5,*raw,6,*naa ⪤ hnaa,3,*ʔay,5,*ɗu(u)y ⪤ tu(u)y,8,*mik,2,"*hlaa-I, hlaat-II",5,*thaaw,7,*tin,1,*may,1,*ŋaa ⪤ hŋaa,1,*shaa,1,NA,,*pliŋ,1,"*pia-I, piak-II",1,*kal,7,"*phraa-I, phrat-II",9,*sham,2,*ʦaar,10,*luu,7,"*thay-I, thayʔ-II",6,"*rik-I, riʔ-II",4,*thup,5,"*that-I, -thaʔ-II",1,*kii,5,*ʔim,6,*ʦhuŋ,6,*kuup ⪤ khuup ⪤ khuuk,12,"*thay-I, thayʔ-II",3,"*nu(u)y-I, -nuyʔ-II; hnu(u)y-I, hnuyʔ-II",6,*hnaʔ,4,*kee ⪤ khee,6,*thin,2,*sʰay,5,*hrik,2,*khlaa,5,*kaa,3,*miŋ ⪤ hmiŋ,2,*laay,7,*hŋooŋ,4,*thar,1,*hnaar,2,*law,3,*hlun,4,*khat ⪤ ʔat ⪤ hat,11,*lam,1,*ruaʔ,8,*sʰan ⪤ sʰen,8,*yuŋ,9,*plii ⪤ play,7,*ʦii,7,*neel,11,NA,,"*hmuu-I, hmuʔ-II",9,*taw,5,"*phoo, *wun",6,"*ʔip-I, ʔiʔ-II",4,"*θaa-I, θaat-II",9,*may-khuu,1,"*ɗiŋ-I, ɗin-II",4,*ʔaar-θii ⪤ -sii,10,*luŋ,1,*nii,2,*khlum,6,*may,4,"*laa-I, laak-II",5,*ʦhaʔ,6,NA,,*lay,1,*haa,4,*tuy,5,NA,,"*(k)(r)aaŋ-I, (k)(r)aan-II",9,*tuu,4,*hu(u)y,3,*khlaa,10,*nuu,9,*thiŋ,1,NA,
